releve_num,Tmx,Tmy,SMCF_area_p,con_len,tri_mean_p,veg_di,near_dist,edge_len,specialist_richness,richness,buffer
17911,224052,2505944,0.437587899,1841.548996,400.5485338,1.208778518,164.3274519,8242.415289,3,28,1000
16679,279230,2715107,0.964890162,6000.827725,264.9082894,1.06659286,187.2678985,2893.0579,6,24,1000
16523,290219,2735250,0.484318782,1738.472939,412.9085682,1.151058141,209.2607122,7124.550458,9,26,1000
16590,279948,2714874,0.989194455,5852.380984,193.5579366,0.780510764,353.7375386,1371.521196,9,38,1000
17908,223965,2506122,0.377000983,938.673233,385.5971715,1.225609597,134.7398376,7840.972574,8,26,1000
16662,279356,2714805,0.984310679,6122.74906,225.2786406,1.056779097,144.1857646,1851.32597,5,19,1000
17376,229525,2616262,0.818982552,4712.629856,294.2419737,0.868075538,29.04949832,7264.071815,8,21,1000
17874,225421,2511667,0.410710933,1559.183954,407.9971691,0.096581933,18.92734088,6541.315298,7,32,1000
16866,268145,2716591,0.842097221,5765.549714,384.5452409,1.206526313,28.26777915,6029.622924,4,23,1000
17830,241146,2575831,0.391139966,2185.620056,434.0556888,1.033723969,146.0394303,6874.300171,4,20,1000
18704,292832,2652502,0.403082782,1478.900024,308.5911885,0.327462778,249.1594065,6316.179531,10,31,1000
18263,252884,2526780,0.219515634,355.6221519,325.728658,0.690093097,175.2237397,6111.743118,5,20,1000
18702,292932,2652396,0.35510052,1344.77002,315.2048074,0.3563214,158.3693902,6053.825737,10,29,1000
17659,225034,2586544,0.67506165,3083.824776,367.8777953,0.01986133,297.2125837,6160.167969,6,18,1000
17465,269781,2654839,0.622765242,3648.591514,357.1562245,0.325694881,303.204359,4640.595433,6,20,1000
16473,286799,2718567,0.721341696,5185.100098,286.9637331,0.884881493,178.0613156,3519.719971,2,19,1000
17909,224030,2506039,0.401897022,1505.003037,391.5972538,1.223830399,185.7558286,8047.801077,6,25,1000
17991,222685,2501826,0.708686646,3519.598877,437.9619025,0.917691642,384.9828364,8127.946197,3,25,1000
17441,235083,2597400,0.857945704,5394.814961,322.0089463,1.349731799,285.0832658,6487.960492,9,19,1000
17523,269940,2652993,0.955521316,5607.923521,338.942025,1.657461108,423.1819675,3772.628761,8,30,1000
16664,279144,2714797,0.984947469,6186.84656,239.5168762,1.079242577,312.6381695,1794.275498,10,29,1000
17411,239533,2602836,0.644673863,2497.650902,352.6556433,0.802787138,371.6334847,7979.853281,10,34,1000
16883,256350,2709012,0.994856206,6102.350464,367.8549634,0.411562668,824.9954149,400.8038025,6,18,1000
16879,255633,2708893,0.92121731,5557.167158,387.7140413,0.30295329,319.6821005,2733.350677,4,20,1000
16878,256082,2708977,0.976591993,5711.509575,373.2845773,0.339882529,750.5386818,945.8849945,3,17,1000
16874,269666,2718658,1,6283.060485,287.5635517,0.648004635,1420.960544,0,4,21,1000
17439,234968,2597867,0.882965249,5290.834064,336.7557242,1.230237996,7.636060261,6451.287813,12,16,1000
17402,234982,2598263,0.809788697,4815.970009,339.7931749,1.044866151,150.7318833,7258.244589,10,23,1000
17433,235032,2598072,0.853780085,4847.127579,338.4918497,1.155688517,81.06769461,7020.284514,14,26,1000
17666,230023,2596776,0.99159605,5740.299805,245.9091771,0.501971965,878.684322,693.8040161,6,29,1000
16604,270862,2719970,0.999968165,6260.201019,310.8273656,0.37184865,990.7942782,31.0452003,7,19,1000
16873,268723,2719547,1,6283.09145,277.1701351,0.408686599,1301.251642,0,9,27,1000
17586,226346,2604115,0.6714598,4149.623715,316.8096726,0.621763141,78.60936606,4218.18606,5,21,1000
16605,271866,2720840,0.992919903,6274.48863,325.7328879,0.43290087,308.8095513,1691.228027,11,22,1000
17468,268911,2654343,0.949365074,5339.625694,319.2429929,0.84390241,537.0635055,2380.623114,5,13,1000
19345,294243,2732901,0.934311915,4082.442916,316.718233,0.738221666,718.5442992,3345.779999,9,16,1000
17610,240401,2618522,0.575326205,2433.039673,379.4470311,0.678710366,86.21496858,7445.379454,8,24,1000
17760,229948,2541289,0.928132756,5309.919922,357.8744343,0.783580637,519.5188428,4674.833893,4,18,1000
17563,271576,2657119,0.79712724,2226.893951,399.673196,0.615073632,478.0597864,5356.746775,6,26,1000
16853,269438,2719846,1,6283.068085,303.3923186,0.49573854,1516.607106,0,6,20,1000
16603,270676,2719920,1,6283.026569,306.8548381,0.472462456,1131.350137,0,6,12,1000
18004,224207,2525020,0.817109529,5293.051815,397.3916903,0.769835825,171.3901622,4196.025681,17,34,1000
17899,239219,2517466,0.837494311,4901.461142,226.9113332,0.779607357,463.1632694,3324.243897,6,18,1000
17547,269336,2652938,0.897819374,4590.481956,332.6724097,1.590136841,243.163438,8161.80371,9,23,1000
17841,235426,2530240,0.93890358,6266.129261,266.8956314,0.111130175,129.5598154,3524.517425,5,15,1000
19344,293730,2732614,0.643815552,3436.585876,324.1688407,0.816348835,210.7935465,4762.290957,8,22,1000
17587,226559,2604074,0.768449958,5016.710022,291.0673503,0.580802168,34.65836631,3486.65793,14,29,1000
16846,280695,2731796,0.803279263,3750.239834,315.3492988,0.965726995,5.459448211,5496.13097,9,26,1000
17485,269313,2653181,0.944838124,5590.087182,329.7659209,1.575523726,121.9725082,6457.963737,10,19,1000
19793,288815,2676166,0.907420497,5159.107801,359.8577464,0.797612497,136.2396567,11936.67541,7,23,1000
18818,304044,2670255,0.912775165,3862.893131,380.5390309,0.569750333,574.4646785,5603.899197,11,20,1000
18817,304041,2670121,0.934651429,4805.556261,372.944796,0.560467019,441.5014298,4298.371749,12,26,1000
16558,276737,2718353,0.968688914,5958.909149,341.3034686,0.642696423,642.5358599,2672.083038,8,22,1000
19680,264954,2581562,0.925741298,4775.803066,340.513681,0.536813091,761.2028068,2314.193489,6,22,1000
19745,280718,2657684,0.788588275,4201.684883,404.7108476,1.061688768,320.0282944,9225.294998,2,10,1000
19272,294214,2704666,0.927351693,4967.981934,351.6722789,0.68983808,632.2937934,2958.915962,9,20,1000
18951,306172,2667761,0.517635033,2998.090088,386.4124683,0.781292066,172.3780293,6291.651647,4,25,1000
18268,247413,2519008,0.734947581,3279.27002,347.4650452,0.121171258,509.5382313,5805.774078,7,21,1000
18868,289321,2676589,0.849940301,5040.769508,351.3338685,0.871730701,172.9409025,14175.78688,9,22,1000
18405,253211,2539285,0.977541751,6169.756855,291.339534,0,223.7115592,1454.787498,6,25,1000
18407,254314,2539214,0.835052629,4685.026978,380.6879013,0.098790227,10.53553678,10920.83368,7,20,1000
18848,291598,2674804,0.865010555,5241.013707,415.9504258,0.248380568,350.3499229,7576.394326,7,20,1000
18359,251129,2569723,0.869215247,4254.419342,362.664601,0.732081292,624.9256095,3563.415966,8,25,1000
16491,288922,2725519,0.786859148,3232.083969,353.30842,0.869910431,525.7064869,4650.056324,7,22,1000
18355,251477,2569067,0.720771388,3550.825019,322.0777393,0.815702433,221.4434439,5291.248852,4,20,1000
16490,289413,2725472,0.507391594,2259.851481,373.3985662,0.695153981,125.0886404,5344.612618,7,35,1000
19065,322335,2697979,0.551887108,2457.271226,258.0731769,0.959947185,283.8559233,10870.57986,8,22,1000
16785,287078,2713491,0.934255394,5009.200195,227.8100434,0.271368485,745.2096178,1779.819946,13,24,1000
19208,285454,2700204,0.879277518,4953.890991,354.2100031,0.720214496,380.6606488,4827.93076,10,24,1000
19062,322364,2697810,0.572033669,3197.676346,242.2562917,0.921362876,125.9112797,10613.24032,5,18,1000
18816,304089,2670039,0.95775047,5304.845578,369.0006915,0.544519952,373.6973443,3374.361269,11,22,1000
16452,295966,2737272,0.331081081,977.0489807,337.3124006,0.927978337,128.2914613,8393.965656,13,39,1000
17103,273395,2679856,0.807546233,3875.272512,282.5298005,0.88857432,36.39112919,6064.504084,6,13,1000
19708,273586,2606457,0.863274746,5699.270462,501.3772255,1.076488505,413.4464716,8060.697832,6,17,1000
17114,273890,2677595,0.90697704,5156.659912,322.8880471,1.172913084,276.13284,6502.416138,9,15,1000
18943,288346,2676260,0.84268189,3641.940306,390.3228737,0.78377033,328.7204472,11085.58307,8,22,1000
17549,270383,2653019,0.969773372,5546.687012,342.8254227,1.62337761,84.67723021,2671.807438,8,22,1000
19615,246888,2563215,0.980391595,5478.52594,355.6039373,0.576134304,743.1124962,3075.112,7,17,1000
18877,291160,2677390,0.977836151,6064.69899,412.3360038,1.415025173,84.31512348,2064.73307,13,31,1000
19541,251331,2560018,0.99984086,6232.39917,404.7231873,0.61462686,980.9161023,67.5718994,11,27,1000
19763,280600,2657972,0.669704997,3137.409914,415.6238816,0.890920847,286.0572292,10723.03307,4,13,1000
17726,237388,2583693,0.653485323,4052.259888,370.7676505,1.261909037,1.790443554,7434.858978,7,17,1000
18507,274919,2605106,0.922671879,5202.862434,354.3413004,0.831748819,57.11299273,9616.141945,7,23,1000
19796,288430,2676271,0.862151638,3726.330964,383.9116804,0.765275175,294.3215978,10917.21436,6,14,1000
16560,276850,2717692,0.993171095,6086.487533,333.2428242,0.692479912,579.7562139,1698.408497,10,25,1000
16569,277851,2716585,0.991324502,6282.828522,323.3201674,0.661304917,371.3712366,1948.66033,12,18,1000
18800,288632,2674715,0.693663317,4141.232605,401.8841312,1.299035293,168.1596227,5355.506541,7,17,1000
16676,279380,2714414,0.994453978,6282.789461,194.1412903,1.062953383,508.9848472,763.4119873,10,25,1000
16564,276162,2715440,0.990630611,6282.876806,310.2468,1.013579932,522.5698782,1694.421806,7,17,1000
16562,277798,2716578,0.991324502,6282.838089,324.104788,0.64015946,339.8440339,1948.66033,13,19,1000
16668,279110,2714706,0.986310092,6229.732258,233.4236302,1.09808593,390.7193479,1569.2239,8,20,1000
17842,235408,2529798,0.938598082,6148.668251,272.8282321,0.026567089,91.7136769,3573.242416,6,14,1000
18110,223241,2494630,0.738515238,3335.786669,415.1127149,0.802457763,158.8160878,9537.695604,7,19,1000
19776,282837,2658105,0.845252346,4522.684774,388.0741305,1.450658883,307.6907865,7590.185652,7,21,1000
16524,290347,2735276,0.515346897,1873.43306,412.0741772,1.107637151,130.8303425,6666.485864,10,26,1000
16847,279866,2731434,0.758329433,3348.887955,308.5348489,0.998190856,444.3028575,5287.356615,9,20,1000
19069,314443,2689103,0.991567282,6112.890137,413.801446,1.398656548,637.357922,1912.329956,6,13,1000
18931,303678,2681794,0.989654184,5772.586537,367.7296055,0.174813126,916.9443009,586.501007,10,18,1000
16443,295537,2733322,1,6282.376337,294.2094262,0.100180145,1304.071962,0,13,17,1000
19706,274559,2605351,0.887401828,5255.707068,384.1437749,0.820235739,173.4100479,11981.01898,11,23,1000
17522,269830,2653053,0.953789538,5959.894216,346.4372751,1.655329571,454.6707558,4587.122631,6,15,1000
16441,295638,2733993,0.99773608,6282.370085,310.2959256,0.371290337,834.6399876,536.6099854,8,14,1000
19142,297899,2704723,0.972587342,6099.182007,315.5471192,0.389044233,579.3740404,1880.783966,13,17,1000
16567,277578,2715963,0.984571989,6282.838253,323.7137179,1.067195927,613.5178913,2790.761328,10,17,1000
19733,292692,2652526,0.46327376,1791.919983,302.4116948,0.28008899,287.3323872,6243.104519,5,11,1000
19080,306818,2683978,0.999745249,6221.430929,254.5675993,1.098038837,974.973547,129.2520905,13,18,1000
16812,290821,2718109,0.968882634,6091.174034,126.8533292,0.661480379,389.778435,10011.74733,17,28,1000
17540,269135,2653470,0.960239391,5712.700613,309.4576073,1.516650933,87.33679692,4858.479113,6,12,1000
19081,306762,2684482,1,6282.12684,289.4308536,1.190589822,1018.463137,0,6,15,1000
18331,250382,2560004,0.960298035,6059.300926,401.9173791,1.062502398,441.9185777,3036.88089,10,21,1000
17900,238855,2515651,0.854469656,4675.25573,195.3285519,0.676190926,334.953622,3908.082931,6,12,1000
19614,246593,2562903,0.978300653,6083.989014,369.5183826,0.481733628,692.3511764,2745.315002,6,15,1000
19346,297056,2732604,0.904672141,5150.067099,312.3386084,0.413455383,414.1771711,2421.424988,15,31,1000
19063,320031,2698795,0.852803954,4603.899902,347.3117728,1.006727691,182.2389671,4007.210022,9,16,1000
19387,280413,2731696,0.836177474,4600.172089,314.3873323,1.0292105,183.183771,4449.165973,9,24,1000
19079,306787,2684004,0.999649717,6193.142487,255.7173735,1.103997287,972.9512268,188.9316825,14,27,1000
16570,277590,2716995,0.990312126,6282.839637,326.1108074,0.494093007,92.6684237,2308.858328,10,19,1000
16453,296279,2737382,0.264486475,773.199398,341.1201862,0.804200125,63.94350913,8092.218914,7,29,1000
16675,279413,2714466,0.994453978,6282.790672,195.7732069,1.05798784,453.8407614,763.4119873,9,21,1000
18201,239775,2515550,0.76583489,5624.203224,237.3476877,1.073795574,140.8497877,7078.141281,5,10,1000
16868,269866,2714902,0.963454039,6180.805939,308.5246939,1.440664978,548.9160125,1397.381989,6,10,1000
17844,235048,2529205,0.961138355,5809.4687,267.9185686,0,703.6241194,2811.496398,5,10,1000
16869,270156,2713913,1,6283.050049,312.8433036,1.164100803,1164.72669,0,6,14,1000
16778,289051,2714959,1,6282.540039,186.1676168,0.625890043,1162.04113,0,6,14,1000
19540,251018,2559894,1,6283.677814,412.4124803,0.761181573,1009.960573,0,11,21,1000
16788,296681,2723403,0.60024518,2857.121979,147.7797079,1.078492304,273.4503258,6477.095265,14,31,1000
17595,243695,2622151,0.760582924,4513.379883,445.7564234,1.499929891,172.1025019,4693.609863,11,16,1000
17541,269137,2653558,0.966418362,5980.144418,308.6669552,1.496052886,174.8022282,4072.371609,6,12,1000
19214,284847,2698974,0.948087301,4930.172873,288.4643063,1.041485646,760.0066794,2868.059444,13,18,1000
16865,269636,2717228,0.982965434,5991.385704,350.5206992,0.523748608,716.8036065,1148.797028,10,22,1000
16787,296640,2723299,0.590447533,2526.339683,150.2477149,1.094480346,269.2567435,7083.138048,20,38,1000
16563,276457,2715515,0.992372026,6237.32838,311.3555084,1.098058763,513.3274523,1302.152802,10,20,1000
18106,223203,2495164,0.795816549,4432.960518,415.4580094,0.716700355,237.4468136,7478.371366,12,23,1000
19618,251220,2571115,0.883070009,5891.230987,336.5989103,0.549343472,378.2735482,6963.219231,5,13,1000
17869,238136,2514971,0.771274818,4263.256836,187.3759209,0.684535913,248.8792455,4418.542053,5,12,1000
18108,223519,2493938,0.588554974,2669.573368,439.5385153,0.789776352,215.8367867,9676.750683,9,22,1000
19084,307381,2684661,0.980091137,6282.106983,321.3584726,1.143383549,535.8325978,1000.179993,13,24,1000
17895,239126,2515463,0.824892037,5597.308354,182.3024366,0.801127267,169.2790403,4675.797211,7,11,1000
18109,223316,2494307,0.668553483,3895.308975,421.9291962,0.809541784,106.2944305,9297.004067,9,25,1000
16885,261225,2710129,0.954579167,5869.970215,249.2763479,0.817967498,226.458494,2993.880005,4,15,1000
16442,295274,2733274,1,6282.381584,297.7540806,0.095677413,1090.930926,0,11,16,1000
18391,248596,2558716,1,6283.759155,280.0904597,0.568493302,1477.390439,0,6,23,1000
16870,269560,2716509,0.95551785,5569.2966,351.8965546,0.598417844,612.6436737,2539.425138,4,16,1000
18397,248253,2558945,1,6283.783323,272.2997328,0.674993153,1075.910245,0,4,17,1000
19764,280519,2658197,0.57731345,2852.716787,429.8564498,0.7693685,143.6696465,10319.74455,11,18,1000
18107,223149,2494980,0.787776102,3959.341425,416.8916156,0.771440642,277.6042099,9131.904682,12,27,1000
16444,295510,2733441,1,6282.372913,291.380127,0.162874597,1256.595021,0,14,16,1000
19619,251483,2571077,0.914203961,5689.073986,334.7414755,0.339051693,492.6685896,7099.329018,8,17,1000
17735,231901,2582426,0.667899227,2265.384987,342.7704572,0.274573707,23.1041099,6371.411438,3,23,1000
17973,232426,2566144,0.315959905,1781.192047,397.8445705,0.005464463,31.33231931,4907.394013,1,26,1000
16834,260914,2713450,0.645541012,3376.708916,333.8377693,1.229471219,308.659436,7204.043305,3,28,1000
16551,271246,2717757,0.689068862,3945.718018,291.9847269,0.731712133,94.02962536,4989.824127,4,27,1000
17724,232636,2581861,0.568554136,2018.373993,325.2743724,0.699258439,309.5781961,5751.008499,1,31,1000
17733,230576,2581408,0.232225956,306.6210022,327.7243858,1.017471245,125.2753008,7599.269974,0,32,1000
16864,257526,2719446,0.079800803,387.5239945,349.9823698,0.742077003,39.83534994,5904.567871,2,34,1000
18011,221329,2502613,0.586270093,1911.761948,377.772544,1.149391484,250.5375926,8195.63035,7,39,1000
17675,223026,2586749,0.398578347,746.1659851,291.2451151,0.329926151,86.99870558,7425.221867,3,29,1000
16884,255823,2708880,0.94152473,5448.614641,380.8311203,0.285481169,474.1886911,2208.998962,3,15,1000
17263,264403,2663678,0.442989339,1947.766006,333.5070608,0.465950037,146.535897,6518.285942,4,26,1000
17205,256739,2669670,0.672870393,1787.670044,408.1803128,1.152970567,205.1838694,9244.379944,3,23,1000
17593,241604,2622464,0.623424651,2515.993973,382.6028716,0.936621783,164.9092964,9738.117954,0,15,1000
19494,228589,2553876,0.463177456,3056.870201,357.8715992,0.523862602,23.28948972,6714.943235,3,27,1000
18703,293213,2652120,0.218545147,1260.709961,325.8151379,0.481021973,77.21718023,4788.238762,5,35,1000
18055,219409,2503282,0.300647473,927.1119995,276.6844911,0.024137271,50.08471723,6566.414032,3,34,1000
18093,221822,2494686,0.521115781,2590.352019,395.1428713,0.104287704,105.5659415,8098.946389,3,30,1000
17183,259347,2660212,0.429171216,846.8185807,316.6265966,0.364585002,371.1814902,5398.153152,1,25,1000
17775,227273,2554290,0.386561788,1783.006149,293.5580748,0.417925978,2.984873308,6696.205318,2,38,1000
17741,223896,2568218,0.383164694,1192.437988,284.7716654,0.504238684,51.17242096,8563.106842,3,34,1000
19066,322575,2697942,0.527481067,2606.75021,255.1035606,0.935363488,142.0373545,10418.12901,7,27,1000
17660,224287,2586375,0.480483777,1642.118687,393.5536279,0.032229802,350.1041837,6548.089729,4,28,1000
18261,251328,2525848,0.175096837,537.4071264,313.9381469,0.184126199,150.3160786,7475.215981,7,28,1000
17690,223606,2590232,0.352656866,622.1225281,262.6427719,0.276482761,22.43401538,7607.754082,5,38,1000
17919,228813,2553731,0.428310046,3374.618166,367.6768159,0.600103363,72.24696629,7677.285534,4,29,1000
17875,225227,2511699,0.336806903,1489.277985,408.3670575,0.112973926,48.8077058,5846.265265,5,38,1000
17473,269386,2654691,0.776120638,4120.944672,344.2366867,0.45110919,445.4332622,4465.045767,5,24,1000
17594,241000,2622727,0.393086965,2204.195007,335.2535259,0.903919603,136.6813916,7150.790154,0,18,1000
16824,279314,2736705,0.325980025,2036.215399,304.2059446,1.147118746,5.356282406,4802.464217,3,33,1000
18013,221773,2502028,0.628805788,2304.616463,387.7928317,0.828375303,181.60315,8281.28824,6,44,1000
16539,278782,2729677,0.31637504,668.5079956,284.5712037,0.560330923,242.408579,5179.031185,4,36,1000
17527,271857,2656910,0.900726469,4569.160515,384.4209904,0.605274846,561.7279115,3474.666643,4,24,1000
18082,224076,2490081,0.377710535,1878.77298,376.4774154,0.820656842,47.56744383,6242.115837,6,28,1000
17621,271853,2647957,0.357239043,1332.634949,290.3607968,0.858089796,214.7975808,7741.709778,2,29,1000
17721,231277,2581654,0.318348592,2291.90815,331.380935,0.734498188,43.53564182,6857.222412,3,29,1000
16592,279943,2714925,0.982674197,5846.47538,196.1001286,0.793180592,319.1886971,1690.108487,7,31,1000
16830,262119,2712625,0.929743306,5586.141815,289.9885995,0.850955697,655.4339056,3154.786049,2,26,1000
17182,259161,2660222,0.403674572,1276.678009,322.026524,0.381720769,277.8758776,4917.365112,1,24,1000
17357,246599,2637341,0.846291681,3983.310059,421.7428672,0.521421732,529.3501572,5356.139954,8,29,1000
17374,229717,2616182,0.857330147,5130.52541,280.012364,0.861550665,14.98080103,6420.669239,8,23,1000
16875,267972,2717296,0.864238168,5762.401213,339.0063822,1.335734052,317.1634589,6247.71244,3,26,1000
17277,262843,2663320,0.814043063,3768.250916,336.5674407,0.186997476,164.8168302,7423.691402,3,20,1000
17676,222741,2586681,0.372832765,653.353592,282.3846963,0.431795668,126.9057793,7460.670372,3,21,1000
17186,261377,2661171,0.572811887,2917.830078,325.811176,0.024431068,113.7471362,8031.970032,1,19,1000
17365,268297,2654723,0.888709205,4895.615984,304.682979,0.20346048,400.8338316,4015.130133,9,30,1000
17184,259595,2660036,0.457846052,640.5809937,312.1893543,0.370440095,288.7015818,5582.340279,1,23,1000
18078,224422,2490015,0.502545485,2527.490021,368.0510741,0.74151661,83.0284547,6742.968704,8,34,1000
16522,289787,2735348,0.326340222,1106.412979,409.1580601,1.288412858,3.661018175,7825.105367,5,24,1000
16872,268927,2717645,0.973246575,5970.791973,345.9702731,0.756324494,540.2260621,1810.015606,4,28,1000
18321,244707,2511646,0.358116043,1011.909973,364.8985026,0.801796531,110.3336125,6730.740051,1,13,1000
18696,289856,2658159,0.526566987,2668.142967,390.6450232,1.106423536,227.6750538,6589.689997,4,28,1000
19140,300542,2703979,0.830416563,5463.518028,286.2402179,1.02522497,386.5517257,7691.658577,4,25,1000
18618,288661,2659061,0.675404439,4936.224152,425.8227633,1.298434087,10.66799889,9057.838011,0,23,1000
18933,302133,2680393,0.433001213,2238.869019,367.7867075,0.802449086,188.0781569,5955.588486,2,24,1000
18652,288590,2659314,0.759775469,5183.851515,407.5929189,1.254058666,21.96191206,7483.52761,0,27,1000
19237,289892,2699679,0.850454673,4113.426559,305.6304432,0.995510821,522.5781545,7472.328365,6,34,1000
19274,293272,2706649,0.241241912,747.5040283,342.8007761,0,176.835472,4794.479981,4,28,1000
18057,219294,2503373,0.285634744,496.427146,277.473909,0,108.5250083,6745.298035,2,39,1000
18960,309037,2670628,0.505907117,2093.085918,432.7845575,0.024729298,137.9508016,9717.947925,12,31,1000
18275,248972,2525834,0.767136542,3145.673773,368.548499,0.775107288,319.6386612,5386.143005,2,11,1000
18847,291788,2674809,0.844830276,5231.853668,416.3557496,0.297941167,381.5760199,7756.16433,9,20,1000
18881,302546,2670029,0.604522311,4629.514351,383.0574034,0.728204843,169.7161714,8815.495353,7,25,1000
18952,306537,2667747,0.294691641,2205.475761,364.8287519,0.753898261,68.35591175,5854.405943,6,26,1000
18692,290557,2657984,0.645352021,3742.878645,339.4716068,1.117443367,277.5390009,7970.677407,9,29,1000
19640,249225,2526154,0.630692307,2073.518765,390.1946206,0.81869741,467.1472374,6587.842049,3,19,1000
18863,307418,2672182,0.382643752,1816.300018,466.5718867,0.283364944,200.4647295,6279.57782,5,28,1000
18957,310001,2669738,0.053549388,151.9806957,487.8227781,0.588641339,130.5843619,4470.356187,8,24,1000
18491,264707,2581753,0.816938621,4737.349224,344.4590267,0.813793893,517.2200341,6273.392546,3,19,1000
18531,274869,2602468,0.821645507,4739.004045,300.8440446,0.656478542,45.27863374,7361.451046,1,15,1000
17881,224188,2513043,0.26019613,2070.430284,303.2982738,0.701219716,13.14693476,5587.650085,5,38,1000
18356,251179,2569093,0.645559347,3386.409416,328.8029346,0.881691164,144.2828256,4580.58585,4,20,1000
18950,306948,2667670,0.110358466,900.0511094,363.9289547,0.387317219,20.73659794,4277.594704,2,22,1000
18490,264431,2581976,0.710291679,4327.391992,345.6263037,1.124991441,243.9884496,8477.480337,1,18,1000
18358,251506,2569703,0.971157304,5287.922844,360.0426358,0.535317181,817.5916946,1613.709389,7,26,1000
18693,290256,2658301,0.666915017,3375.726936,365.7578648,1.204204798,353.0367779,9578.057582,7,28,1000
18468,263247,2582658,0.675298424,3867.969107,452.5062232,0.948024268,230.9911314,4955.457632,7,25,1000
16521,289478,2735464,0.237426768,865.6013546,377.5632466,1.374606551,5.79161829,7761.362965,2,24,1000
18638,286324,2659524,0.584234104,3008.060059,412.3702141,0.571958237,261.3296909,3873.590927,5,33,1000
18932,303062,2681470,0.967771724,5347.424286,364.6512892,0.054932894,776.245214,1206.729996,7,22,1000
18607,290799,2657754,0.586843144,3184.533318,333.5220135,1.238755342,271.504046,9212.086876,1,19,1000
18360,250883,2569985,0.755300154,3210.215553,373.3010316,0.721581073,364.0363459,4174.574566,7,29,1000
18886,301816,2669458,0.941680147,5879.915678,372.0863055,1.133663992,135.6264669,3215.061081,3,14,1000
18467,263093,2584764,0.554243023,2825.587925,447.4226012,0.96067581,291.5975671,3387.696037,0,12,1000
18492,264741,2582040,0.696720633,3806.137036,337.9154549,0.973410469,344.0258937,6538.220153,2,16,1000
19750,281981,2627106,0.550787021,2592.512596,369.6453248,1.4618782,42.62074548,11007.21264,4,25,1000
19271,294361,2703733,0.999172135,6216.899822,356.550246,0.596738689,905.7440184,248.9410018,12,25,1000
18523,274882,2604984,0.961081257,5391.151104,359.4370182,0.804097435,58.64529594,8799.946367,9,25,1000
19213,285669,2698991,0.912468997,6068.753021,275.5451069,1.456786847,172.052917,6289.916039,3,34,1000
18335,251568,2559765,0.911562222,4249.313034,417.6204412,0.826455202,682.8375627,2393.244171,8,28,1000
17618,274234,2642663,0.759506042,2843.540039,338.3695202,1.463034062,115.2508709,8439.080139,0,9,1000
18876,291520,2677157,0.992221455,6260.185946,391.0267536,1.300945842,198.8354593,1914.141029,12,30,1000
16848,280059,2731414,0.756151762,3835.888683,312.53246,1.01704707,288.0636943,5039.218622,10,38,1000
18494,266411,2583929,0.797460376,4517.040039,414.3518295,0.811158211,417.309864,3388.840088,2,16,1000
18361,250979,2570325,0.807252346,4655.785956,380.3770165,0.583474227,290.2002768,4380.366966,7,23,1000
16862,257835,2721738,0.224437866,535.2857795,294.5546805,0.903732605,133.1972196,6095.542179,2,19,1000
16861,257583,2722197,0.254815525,231.1139984,301.4737799,0.836955577,67.71093517,7216.382652,2,23,1000
18740,292657,2676638,0.933542631,4920.570099,384.463142,1.206825538,618.7149728,1820.119995,5,26,1000
17537,266293,2651439,0.336205744,1001.109985,365.943176,1.116433841,78.08297585,6087.27002,2,24,1000
18475,262313,2585829,0.655040697,2845.263931,369.1721327,1.101415816,209.7589085,4850.54702,3,19,1000
18465,262233,2585289,0.790493804,3319.242531,387.8251232,1.009128247,591.8957819,4156.977043,5,20,1000
18080,224620,2490252,0.587661997,2009.625961,362.4539541,0.605622656,134.489136,7712.00206,10,21,1000
18606,291004,2657417,0.420923931,1570.108953,337.5882374,1.16311839,315.8373654,8809.638496,0,11,1000
18862,307035,2671782,0.665562745,2228.14463,481.7197387,0.462344437,375.0717462,7486.953857,8,21,1000
17911,224052,2505944,0.583359732,1266.637629,384.4149465,1.157900273,164.3274519,5650.79054,3,28,750
16679,279230,2715107,0.969276573,4567.891506,263.213965,1.061482185,187.2678985,2040.829988,6,24,750
16523,290219,2735250,0.594547626,1957.620972,420.1364343,1.182101455,209.2607122,4404.270752,9,26,750
16590,279948,2714874,0.99013992,4712.030753,186.0464825,0.74136686,353.7375386,763.4125061,9,38,750
17908,223965,2506122,0.535575531,1361.78748,381.9689581,1.116644594,134.7398376,5436.911401,8,26,750
16662,279356,2714805,0.989404153,4589.028919,219.853814,0.922933108,144.1857646,895.3846757,5,19,750
17376,229525,2616262,0.810468313,3949.691818,309.7802795,0.724868768,29.04949832,3861.620657,8,21,750
17874,225421,2511667,0.509527473,1459.552574,413.0818971,0.12816677,18.92734088,5107.593979,7,32,750
16866,268145,2716591,0.786020714,4180.394905,414.5549936,1.262788948,28.26777915,4946.714027,4,23,750
17830,241146,2575831,0.406203993,1672.105774,461.9721374,0.874490261,146.0394303,5026.172852,4,20,750
18704,292832,2652502,0.509407036,1376.531731,320.0523179,0.326238262,249.1594065,4520.720513,10,31,750
18263,252884,2526780,0.303413856,847.0914917,332.7893639,0.69127434,175.2237397,4596.479981,5,20,750
18702,292932,2652396,0.449745549,1375.509003,322.8910328,0.418267268,158.3693902,4641.947624,10,29,750
17659,225034,2586544,0.788648655,2830.512503,384.9064896,0,297.2125837,4009.947761,6,18,750
17465,269781,2654839,0.685588803,2469.165569,361.2086286,0.049432605,303.204359,2560.451447,6,20,750
16473,286799,2718567,0.687193624,3499.599854,327.5721559,0.533694671,178.0613156,2482.199951,2,19,750
17909,224030,2506039,0.561362402,1333.914166,382.4941916,1.15472023,185.7558286,5540.250021,6,25,750
17991,222685,2501826,0.807211264,3007.729797,397.3960813,0.8316176,384.9828364,5473.110382,3,25,750
17441,235083,2597400,0.841438852,4083.884373,329.0178728,1.170887048,285.0832658,4534.88002,9,19,750
17523,269940,2652993,0.977423609,4655.006865,319.8328809,1.541487883,423.1819675,1813.148805,8,30,750
16664,279144,2714797,0.989047562,4585.712036,244.6522675,0.966853249,312.6381695,901.2539765,10,29,750
17411,239533,2602836,0.78239025,2560.219963,346.3218334,0.615081676,371.6334847,4011.68738,10,34,750
16883,256350,2709012,1,4712.539375,375.6035059,0.306471532,824.9954149,0,6,18,750
16879,255633,2708893,0.93747984,4378.304352,395.4973385,0.342862345,319.6821005,1157.975662,4,20,750
16878,256082,2708977,1,4712.545414,387.6906865,0.139571398,750.5386818,0,3,17,750
16874,269666,2718658,1,4712.242317,292.5982436,0.654532336,1420.960544,0,4,21,750
17439,234968,2597867,0.923361546,3913.952345,337.4077189,1.140254026,7.636060261,2934.254064,12,16,750
17402,234982,2598263,0.830004752,3756.899792,341.2800163,0.950671218,150.7318833,4292.866454,10,23,750
17433,235032,2598072,0.863537612,4265.487536,338.365755,1.047204184,81.06769461,3855.490064,14,26,750
17666,230023,2596776,1,4713.223633,239.9226618,0.432177713,878.684322,0,6,29,750
16604,270862,2719970,1,4712.216423,295.2252018,0.419166569,990.7942782,0,7,19,750
16873,268723,2719547,1,4712.262054,275.8691989,0.341230652,1301.251642,0,9,27,750
17586,226346,2604115,0.630602651,3652.636444,290.1924937,0.58136113,78.60936606,3252.864044,5,21,750
16605,271866,2720840,0.990649974,4661.428406,313.9768893,0.156874128,308.8095513,899.0700378,11,22,750
17468,268911,2654343,0.971549202,4458.086769,327.2080803,0.534902863,537.0635055,637.5509949,5,13,750
19345,294243,2732901,0.99858478,4587.997665,316.0727095,0.651434822,718.5442992,141.4459991,9,16,750
17610,240401,2618522,0.624320333,2991.491211,388.9629806,0.656076416,86.21496858,4329.277445,8,24,750
17760,229948,2541289,0.987355951,4478.406738,357.0924589,0.626013304,519.5188428,1326.625031,4,18,750
17563,271576,2657119,0.975963008,4045.776321,403.3040901,0.531697905,478.0597864,1347.245995,6,26,750
16853,269438,2719846,1,4712.246658,308.0784525,0.292165982,1516.607106,0,6,20,750
16603,270676,2719920,1,4712.22049,301.9672894,0.451084921,1131.350137,0,6,12,750
18004,224207,2525020,0.818085136,3752.710747,405.8959865,0.524419516,171.3901622,2185.659065,17,34,750
17899,239219,2517466,0.914481799,3463.414063,219.4365018,0.699134459,463.1632694,1696.380005,6,18,750
17547,269336,2652938,0.936063161,4600.766844,310.2444388,1.618665047,243.163438,4128.361802,9,23,750
17841,235426,2530240,0.909297155,4335.63765,257.0904379,0,129.5598154,2769.777573,5,15,750
19344,293730,2732614,0.728737857,2583.018128,316.1401896,0.55680336,210.7935465,2537.26001,8,22,750
17587,226559,2604074,0.726257015,3899.717896,260.0244274,0.512746182,34.65836631,2814.500031,14,29,750
16846,280695,2731796,0.892381885,3888.70906,309.4980599,0.782748222,5.459448211,2427.616197,9,26,750
17485,269313,2653181,0.952634558,4539.30259,323.1159077,1.5697989,121.9725082,2488.21781,10,19,750
19793,288815,2676166,0.932412544,4244.817878,322.9330503,0.667765835,136.2396567,6343.530558,7,23,750
18818,304044,2670255,0.997956284,4698.845131,387.0436346,0.509746834,574.4646785,607.6359863,11,20,750
18817,304041,2670121,0.996399436,4629.952938,378.9895318,0.504036943,441.5014298,969.9467031,12,26,750
16558,276737,2718353,0.988770468,4456.48922,336.4245697,0.598356173,642.5358599,808.385086,8,22,750
19680,264954,2581562,1,4712.386963,336.1752014,0.440983639,761.2028068,0,6,22,750
19745,280718,2657684,0.852206348,3598.274769,413.4840983,0.933045723,320.0282944,5603.729994,2,10,750
19272,294214,2704666,0.979705862,4243.759864,346.8268461,0.67097642,632.2937934,736.4186871,9,20,750
18951,306172,2667761,0.541946715,2502.296669,366.8940857,0.795751946,172.3780293,4788.433405,4,25,750
18268,247413,2519008,0.855181038,3032.0979,353.0401108,0.16790495,509.5382313,3778.970093,7,21,750
18868,289321,2676589,0.858976899,4113.131956,319.2015999,0.332588581,172.9409025,10141.28733,9,22,750
18405,253211,2539285,0.964622001,4712.66806,284.8487838,0,223.7115592,1000.179993,6,25,750
18407,254314,2539214,0.865944612,3848.629489,347.3047766,0,10.53553678,5074.374182,7,20,750
18848,291598,2674804,0.866752332,3762.673883,419.2259889,0.011824173,350.3499229,3868.461836,7,20,750
18359,251129,2569723,0.984280484,4224.620254,345.0226494,0.75689856,624.9256095,712.5030952,8,25,750
16491,288922,2725519,0.934121669,3286.511694,367.4065496,0.836905455,525.7064869,2219.092354,7,22,750
18355,251477,2569067,0.808060117,3048.822556,304.5318602,0.827268733,221.4434439,3619.855802,4,20,750
16490,289413,2725472,0.589602509,2046.583416,391.6121561,0.666136606,125.0886404,3770.606064,7,35,750
19065,322335,2697979,0.617656384,2304.798159,257.5236803,0.931051158,283.8559233,5606.384654,8,22,750
16785,287078,2713491,0.999699992,4543.002441,207.8913196,0.163236467,745.2096178,168.5299988,13,24,750
19208,285454,2700204,0.960450346,3674.031799,365.0699647,0.655650284,380.6606488,2299.653168,10,24,750
19062,322364,2697810,0.555681252,2732.082409,236.3075968,0.865374518,125.9112797,6857.254612,5,18,750
18816,304089,2670039,0.996189969,4686.770203,369.5682681,0.480345229,373.6973443,971.3163796,11,22,750
16452,295966,2737272,0.432879326,1284.330406,333.9663147,0.838875904,128.2914613,6317.301918,13,39,750
17103,273395,2679856,0.880395963,4044.48877,281.0999656,1.002563102,36.39112919,3301.139954,6,13,750
19708,273586,2606457,0.876083856,3411.420052,514.7478359,0.980027603,413.4464716,4771.088102,6,17,750
17114,273890,2677595,0.948710112,4284.613281,319.698023,0.990751853,276.13284,2016.336182,9,15,750
18943,288346,2676260,0.936114932,3966.141513,371.9474531,0.91316819,328.7204472,4808.903133,8,22,750
17549,270383,2653019,0.987854297,4619.274392,341.9234685,1.47635346,84.67723021,994.5472126,8,22,750
19615,246888,2563215,0.999926442,4688.879999,354.8997878,0.292177463,743.1124962,34.0114305,7,17,750
18877,291160,2677390,0.990891954,4573.348297,394.7414647,1.143072511,84.31512348,1273.830025,13,31,750
19541,251331,2560018,1,4712.705597,392.0545123,0.377851315,980.9161023,0,11,27,750
19763,280600,2657972,0.764688236,3118.836762,441.7156648,0.707099329,286.0572292,5969.624758,4,13,750
17726,237388,2583693,0.657772648,3448.174561,365.2863191,0.808857595,1.790443554,4514.939941,7,17,750
18507,274919,2605106,0.973602291,4427.170319,345.8628916,0.650425878,57.11299273,6321.806702,7,23,750
19796,288430,2676271,0.938786369,4120.09091,364.2611998,0.890435489,294.3215978,5588.83814,6,14,750
16560,276850,2717692,0.995528563,4676.90902,332.8805121,0.680186771,579.7562139,635.4949874,10,25,750
16569,277851,2716585,0.989641998,4659.990836,327.4778056,0.511958375,371.3712366,1080.978008,12,18,750
18800,288632,2674715,0.71628552,2850.823486,401.8427021,1.282906947,168.1596227,3130.919922,7,17,750
16676,279380,2714414,0.990202238,4688.346581,192.9180427,0.871852124,508.9848472,729.5807075,10,25,750
16564,276162,2715440,0.996462491,4712.1073,312.3361436,0.879913551,522.5698782,430.5228978,7,17,750
16562,277798,2716578,0.989902363,4712.073528,328.0063271,0.479818615,339.8440339,1008.820007,13,19,750
16668,279110,2714706,0.990139976,4712.047552,236.6634405,0.916091889,390.7193479,763.4125061,8,20,750
17842,235408,2529798,0.892069724,4713.108261,254.866108,0,91.7136769,3387.879562,6,14,750
18110,223241,2494630,0.834442069,3584.664709,414.9043169,0.786931653,158.8160878,5774.971145,7,19,750
19776,282837,2658105,0.909797418,4262.510742,382.9828205,1.402169343,307.6907865,2497.48999,7,21,750
16524,290347,2735276,0.628362467,2137.856109,425.2519226,1.098249762,130.8303425,4298.922152,10,26,750
16847,279866,2731434,0.894482431,3431.084725,303.7869824,1.005705373,444.3028575,1965.054993,9,20,750
19069,314443,2689103,0.994802577,4676.577637,415.9749862,1.201752813,637.357922,983.2890015,6,13,750
18931,303678,2681794,1,4711.594971,391.0597725,0.114007448,916.9443009,0,10,18,750
16443,295537,2733322,1,4711.726529,295.7419903,0.000722402,1304.071962,0,13,17,750
19706,274559,2605351,0.928442465,3892.348755,356.2931513,0.8073249,173.4100479,7914.574625,11,23,750
17522,269830,2653053,0.966738167,4334.174637,319.324712,1.491105477,454.6707558,2205.289211,6,15,750
16441,295638,2733993,1,4711.724639,296.4197054,0.379027642,834.6399876,0,8,14,750
19142,297899,2704723,0.990874456,4567.237305,317.2380258,0.433163419,579.3740404,533.7880249,13,17,750
16567,277578,2715963,0.985787543,4646.783217,320.0111007,0.706187535,613.5178913,1340.289486,10,17,750
19733,292692,2652526,0.591820215,1540.489975,313.5698205,0.257674476,287.3323872,4495.210533,5,11,750
19080,306818,2683978,1,4711.540405,251.9595508,1.064652447,974.973547,0,13,18,750
16812,290821,2718109,0.988638937,4634.588089,114.0943474,0.650797653,389.778435,3216.406998,17,28,750
17540,269135,2653470,0.950863094,4712.273804,321.4361286,1.491499582,87.33679692,2753.634714,6,12,750
19081,306762,2684482,1,4711.541199,276.3207725,1.177577208,1018.463137,0,6,15,750
18331,250382,2560004,0.961867092,4398.932415,392.0587423,1.083500775,441.9185777,1653.531036,10,21,750
17900,238855,2515651,0.932756992,4063.935577,184.6754863,0.383256098,334.953622,1887.900932,6,12,750
19614,246593,2562903,0.997187817,4531.440679,377.9290374,0.294093387,692.3511764,243.6415949,6,15,750
19346,297056,2732604,0.952883434,4250.386231,318.5803471,0.450215928,414.1771711,1121.430054,15,31,750
19063,320031,2698795,0.92584603,3812.554199,337.6382129,0.911431022,182.2389671,2254.330017,9,16,750
19387,280413,2731696,0.865269342,3925.460388,309.2404379,1.034277186,183.183771,2248.570984,9,24,750
19079,306787,2684004,1,4711.540894,252.7229665,1.070559942,972.9512268,0,14,27,750
16570,277590,2716995,0.989064729,4670.370789,331.6591713,0.370742653,92.6684237,1125.706849,10,19,750
16453,296279,2737382,0.338284611,1242.89061,336.3489119,0.52271296,63.94350913,5473.112984,7,29,750
16675,279413,2714466,0.990139976,4712.041628,193.8628551,0.853058028,453.8407614,763.4125061,9,21,750
18201,239775,2515550,0.729457693,3150.20583,211.0971862,1.028011591,140.8497877,3760.22435,5,10,750
16868,269866,2714902,0.97392013,4349.636841,305.9059097,1.294175297,548.9160125,718.3939819,6,10,750
17844,235048,2529205,0.996780837,4492.231205,275.3971945,0,703.6241194,400.9686126,5,10,750
16869,270156,2713913,1,4712.233398,319.2226102,0.848977424,1164.72669,0,6,14,750
16778,289051,2714959,1,4711.852539,176.6832082,0.408851023,1162.04113,0,6,14,750
19540,251018,2559894,1,4712.71299,404.5998158,0.50386518,1009.960573,0,11,21,750
16788,296681,2723403,0.698722884,2310.430817,143.7748088,1.05782759,273.4503258,4613.782094,14,31,750
17595,243695,2622151,0.810133816,3368.006104,430.9156137,1.481869962,172.1025019,2388.27002,11,16,750
17541,269137,2653558,0.950863094,4712.273709,319.4422165,1.457381825,174.8022282,2753.634714,6,12,750
19214,284847,2698974,1,4711.938294,283.2753603,1.032016961,760.0066794,0,13,18,750
16865,269636,2717228,0.998613375,4605.931011,378.4197282,0.517711029,716.8036065,132.5879974,10,22,750
16787,296640,2723299,0.690095557,2306.386292,144.6899218,1.046034223,269.2567435,4799.115872,20,38,750
16563,276457,2715515,0.989274212,4594.693817,310.7349081,0.862778523,513.3274523,959.5214653,10,20,750
18106,223203,2495164,0.835607372,3573.515411,400.7387818,0.68239702,237.4468136,3048.684624,12,23,750
19618,251220,2571115,0.865699428,4069.203985,357.8924381,0.258617438,378.2735482,3931.597244,5,13,750
17869,238136,2514971,0.83212257,3531.810882,182.4163026,0.647932377,248.8792455,2004.680054,5,12,750
18108,223519,2493938,0.670992267,2319.151238,429.1763331,0.739200531,215.8367867,5559.906582,9,22,750
19084,307381,2684661,0.974314264,4443.904011,304.0368668,1.104412175,535.8325978,596.0819931,13,24,750
17895,239126,2515463,0.797986942,3800.060346,164.8934001,0.506446651,169.2790403,2876.491928,7,11,750
18109,223316,2494307,0.712690493,2855.688974,416.7186344,0.834841318,106.2944305,7048.212366,9,25,750
16885,261225,2710129,0.954052586,4646.549805,229.2024852,0.750590402,226.458494,2015.230042,4,15,750
16442,295274,2733274,1,4711.731453,293.4425611,0,1090.930926,0,11,16,750
18391,248596,2558716,1,4712.771118,274.4510292,0.2070879,1477.390439,0,6,23,750
16870,269560,2716509,0.986388436,4359.230089,386.5059182,0.531056941,612.6436737,613.6446991,4,16,750
18397,248253,2558945,1,4712.779434,260.9625754,0.441416632,1075.910245,0,4,17,750
19764,280519,2658197,0.639014671,2525.521704,449.6895262,0.572710998,143.6696465,5380.599247,11,18,750
18107,223149,2494980,0.854467185,3468.09561,412.3158823,0.690216582,277.6042099,3998.777443,12,27,750
16444,295510,2733441,1,4711.726997,294.9341646,0.067301004,1256.595021,0,14,16,750
19619,251483,2571077,0.958477156,3919.508858,362.3061414,0.250902567,492.6685896,3451.601384,8,17,750
17735,231901,2582426,0.816472239,3069.701385,344.4550545,0.298907869,23.1041099,2984.508988,3,23,750
17973,232426,2566144,0.360492312,1168.343506,389.2460601,0.008061247,31.33231931,3758.550049,1,26,750
16834,260914,2713450,0.737303483,2513.939652,339.1525017,1.259371234,308.659436,3590.4814,3,28,750
16551,271246,2717757,0.721538331,3169.832764,293.3463031,0.679573275,94.02962536,3942.030029,4,27,750
17724,232636,2581861,0.771448938,1742.571682,328.5422668,0.70606982,309.5781961,3833.884903,1,31,750
17733,230576,2581408,0.334039749,855.2424774,311.8277192,0.886840733,125.2753008,6008.266228,0,32,750
16864,257526,2719446,0.099429002,116.9668579,367.4353314,0.657172351,39.83534994,4242.58091,2,34,750
18011,221329,2502613,0.745053229,2577.033354,399.4842894,0.974037371,250.5375926,4175.043045,7,39,750
17675,223026,2586749,0.584615559,1735.542442,283.5828063,0.296128086,86.99870558,4727.033257,3,29,750
16884,255823,2708880,0.958072786,4313.77861,391.8490988,0.304683895,474.1886911,787.1209717,3,15,750
17263,264403,2663678,0.527926179,1268.824407,344.7898561,0.499955102,146.535897,4863.688905,4,26,750
17205,256739,2669670,0.875316194,3454.404297,404.2838178,1.123624214,205.1838694,3576.359985,3,23,750
17593,241604,2622464,0.782758757,2217.561531,359.1975599,0.921490241,164.9092964,6468.973152,0,15,750
19494,228589,2553876,0.470725705,1937.321617,364.5226702,0.187378459,23.28948972,4206.033356,3,27,750
18703,293213,2652120,0.24946166,742.4870901,323.2841177,0.602496861,77.21718023,3923.469826,5,35,750
18055,219409,2503282,0.415787449,809.4383545,285.3301848,0,50.08471723,5328.68602,3,34,750
18093,221822,2494686,0.582093098,2351.368004,406.9862313,0.094610085,105.5659415,5152.844322,3,30,750
17183,259347,2660212,0.616685342,1221.09314,322.8133587,0.391425958,371.1814902,3445.949036,1,25,750
17775,227273,2554290,0.468712097,1004.8053,287.3553475,0.257451892,2.984873308,4634.54538,2,38,750
17741,223896,2568218,0.470782068,2069.30542,276.5790175,0.481316882,51.17242096,5107.910156,3,34,750
19066,322575,2697942,0.532733161,2424.207197,258.6109031,0.88756054,142.0373545,5409.675424,7,27,750
17660,224287,2586375,0.614550865,1482.499817,407.4125558,0.042438833,350.1041837,3984.237061,4,28,750
18261,251328,2525848,0.252597836,391.999054,304.0923917,0,150.3160786,5270.571831,7,28,750
17690,223606,2590232,0.470252015,1335.694367,247.7994303,0.198146751,22.43401538,6003.607086,5,38,750
17919,228813,2553731,0.431890363,1651.536858,371.8567605,0.437903507,72.24696629,5270.627014,4,29,750
17875,225227,2511699,0.414053051,1109.493042,418.2895032,0.150423908,48.8077058,5322.218994,5,38,750
17473,269386,2654691,0.831744864,3321.936203,355.9002558,0.317874293,445.4332622,1959.727989,5,24,750
17594,241000,2622727,0.432966504,1623.623856,318.758513,0.85278997,136.6813916,4031.590012,0,18,750
16824,279314,2736705,0.331254917,1424.499209,315.417975,0.787105436,5.356282406,3652.442538,3,33,750
18013,221773,2502028,0.761478892,2783.171193,371.5365138,0.79895045,181.60315,5244.336413,6,44,750
16539,278782,2729677,0.472451521,617.8660889,281.6432511,0.62810039,242.408579,4433.041439,4,36,750
17527,271857,2656910,0.98760513,4440.976875,406.868794,0.732235812,561.7279115,846.338295,4,24,750
18082,224076,2490081,0.405168688,1809.596375,404.7309116,0.768826268,47.56744383,4868.616428,6,28,750
17621,271853,2647957,0.4759698,964.3376574,287.8637876,0.737595533,214.7975808,4627.805434,2,29,750
17721,231277,2581654,0.287560534,1514.427338,334.2254568,0.606259592,43.53564182,4394.22699,3,29,750
16592,279943,2714925,0.99013992,4712.030836,188.211684,0.782648615,319.1886971,763.4125061,7,31,750
16830,262119,2712625,0.97745897,4159.587585,276.2425768,0.657346594,655.4339056,627.0310059,2,26,750
17182,259161,2660222,0.523369193,1249.453079,329.7553571,0.397676251,277.8758776,3501.164047,1,24,750
17357,246599,2637341,0.924918944,3683.968018,417.4427407,0.357665567,529.3501572,2042.77002,8,29,750
17374,229717,2616182,0.851280253,4284.626923,288.6676692,0.659276705,14.98080103,3777.256468,8,23,750
16875,267972,2717296,0.868301159,3626.662521,319.6179724,1.432609948,317.1634589,3036.76745,3,26,750
17277,262843,2663320,0.877096774,4350.631836,330.136293,0.248052188,164.8168302,4203.615051,3,20,750
17676,222741,2586681,0.503131647,1491.776276,281.7548941,0.342445245,126.9057793,4608.913475,3,21,750
17186,261377,2661171,0.620838356,2688.176025,332.2848503,0.015469795,113.7471362,4930.220032,1,19,750
17365,268297,2654723,0.942198855,4295.820461,305.3118267,0.080624756,400.8338316,1712.551865,9,30,750
17184,259595,2660036,0.702879359,1640.240967,315.9671981,0.343040547,288.7015818,3450.772003,1,23,750
18078,224422,2490015,0.58544712,1956.275309,382.2773984,0.766390559,83.0284547,4839.632019,8,34,750
16522,289787,2735348,0.429301415,939.4431362,386.8452876,1.343209144,3.661018175,6395.931392,5,24,750
16872,268927,2717645,0.975488004,4439.518196,357.2714893,0.745529266,540.2260621,578.5421848,4,28,750
18321,244707,2511646,0.500409085,1044.948608,370.426403,0.848150846,110.3336125,5633.689758,1,13,750
18696,289856,2658159,0.589106697,1917.680151,380.0099711,0.783636254,227.6750538,3927.863784,4,28,750
19140,300542,2703979,0.830148944,3557.569847,291.6418205,0.741950241,386.5517257,4867.762586,4,25,750
18618,288661,2659061,0.581099287,3783.502294,447.4957864,1.26121061,10.66799889,6905.831119,0,23,750
18933,302133,2680393,0.475009766,1777.325603,365.9861061,0.8838806,188.0781569,3805.450564,2,24,750
18652,288590,2659314,0.67683303,4124.370209,417.3066198,1.298439627,21.96191206,6213.281744,0,27,750
19237,289892,2699679,0.940704638,3648.337834,311.0155404,0.657610881,522.5781545,2954.344834,6,34,750
19274,293272,2706649,0.334079806,549.0462036,351.9505122,0,176.835472,3931.77002,4,28,750
18057,219294,2503373,0.417055084,709.6223793,283.9771454,0,108.5250083,5416.922119,2,39,750
18960,309037,2670628,0.602497834,1806.174823,450.9175773,0,137.9508016,6394.188157,12,31,750
18275,248972,2525834,0.8685098,3515.522247,386.4280004,0.785532807,319.6386612,2209.150024,2,11,750
18847,291788,2674809,0.853947786,3815.510824,410.3864824,0.099466301,381.5760199,4465.377438,9,20,750
18881,302546,2670029,0.515275616,3152.758011,341.8586463,0.722138556,169.7161714,5446.150902,7,25,750
18952,306537,2667747,0.267880274,1293.029724,360.8372182,0.563328226,68.35591175,4748.490969,6,26,750
18692,290557,2657984,0.66124942,3024.04563,346.8810855,1.020407827,277.5390009,4717.242893,9,29,750
19640,249225,2526154,0.810849502,2129.934967,410.9327543,0.862830846,467.1472374,3910.682552,3,19,750
18863,307418,2672182,0.435357658,1364.658033,455.2982283,0.037937445,200.4647295,4471.338917,5,28,750
18957,310001,2669738,0.083557906,NA,460.7977239,0.622171479,130.5843619,3447.901247,8,24,750
18491,264707,2581753,0.883281739,3100.160513,335.6168599,0.647036707,517.2200341,1820.354915,3,19,750
18531,274869,2602468,0.844387091,3638.544556,276.7031068,0.528297895,45.27863374,5248.334778,1,15,750
17881,224188,2513043,0.243511809,1153.780899,301.8685741,0.60956092,13.14693476,3849.178894,5,38,750
18356,251179,2569093,0.717580621,2693.593063,325.251395,0.957935759,144.2828256,3243.607297,4,20,750
18950,306948,2667670,0.11380304,429.84375,362.8513118,0,20.73659794,2850.106844,2,22,750
18490,264431,2581976,0.713684211,3383.148207,333.7869149,1.013962453,243.9884496,4855.233217,1,18,750
18358,251506,2569703,1,4712.698177,321.1624722,0.457112058,817.5916946,0,7,26,750
18693,290256,2658301,0.77212467,2542.248222,360.8591495,1.027492865,353.0367779,4260.394322,7,28,750
18468,263247,2582658,0.738056162,3043.817859,434.5606956,0.689668545,230.9911314,1904.157604,7,25,750
16521,289478,2735464,0.316761766,579.4824829,374.2334944,1.143827528,5.79161829,6217.84838,2,24,750
18638,286324,2659524,0.662296789,2356.567159,421.4329421,0.643089168,261.3296909,3044.819977,5,33,750
18932,303062,2681470,1,4711.605713,369.6783599,0,776.245214,0,7,22,750
18607,290799,2657754,0.636363122,2553.351402,336.4091703,0.98487823,271.504046,5309.792992,1,19,750
18360,250883,2569985,0.907753943,3267.309166,366.4344809,0.701514895,364.0363459,2490.732403,7,29,750
18886,301816,2669458,0.95273491,4426.238297,359.269836,0.601509109,135.6264669,1773.353973,3,14,750
18467,263093,2584764,0.654186144,2041.42749,450.4491956,0.911061734,291.5975671,2345.533966,0,12,750
18492,264741,2582040,0.794939417,2676.046381,336.7674296,0.92755762,344.0258937,3078.388652,2,16,750
19750,281981,2627106,0.63479009,2312.67096,358.3498535,1.411769277,42.62074548,7337.683167,4,25,750
19271,294361,2703733,1,4711.756104,366.2843744,0.34056271,905.7440184,0,12,25,750
18523,274882,2604984,0.977694389,4649.040222,353.0465244,0.667543074,58.64529594,5668.697903,9,25,750
19213,285669,2698991,0.886100168,4302.196141,274.6851359,1.354583598,172.052917,4620.611893,3,34,750
18335,251568,2559765,0.995229796,4489.499065,408.256339,0.722291502,682.8375627,279.7940063,8,28,750
17618,274234,2642663,0.807490293,4060.936523,324.7953935,1.448532125,115.2508709,3902.639893,0,9,750
18876,291520,2677157,0.99449212,4711.816254,380.2809208,1.091088455,198.8354593,1014.553017,12,30,750
16848,280059,2731414,0.817322496,3192.878066,302.8415047,1.013261639,288.0636943,1876.225967,10,38,750
18494,266411,2583929,0.844897451,3617.280029,414.286911,0.587490467,417.309864,1330.01001,2,16,750
18361,250979,2570325,0.883382469,3475.44898,374.8445106,0.401790863,290.2002768,2289.167708,7,23,750
16862,257835,2721738,0.355696718,217.9678784,282.7288725,0.915819846,133.1972196,4654.318909,2,19,750
16861,257583,2722197,0.380884284,928.0435486,308.7166407,0.6729343,67.71093517,5123.771881,2,23,750
18740,292657,2676638,0.987229273,4336.012146,379.5509654,1.173272964,618.7149728,515.6488876,5,26,750
17537,266293,2651439,0.454972693,950.8713646,370.2863627,1.184475171,78.08297585,4351.478623,2,24,750
18475,262313,2585829,0.722658925,3046.086639,360.8337098,0.930111405,209.7589085,2574.165661,3,19,750
18465,262233,2585289,0.93114435,3388.446472,379.8302455,0.85860838,591.8957819,1715.641682,5,20,750
18080,224620,2490252,0.778730024,1842.885403,374.7449052,0.635593178,134.489136,4703.046963,10,21,750
18606,291004,2657417,0.587635927,860.4689942,344.6905957,1.07507584,315.8373654,5791.777275,0,11,750
18862,307035,2671782,0.808616639,2774.822685,477.453413,0.44802606,375.0717462,4287.596632,8,21,750
17911,224052,2505944,0.813610691,2011.773903,375.1217972,1.009503069,164.3274519,2069.493198,3,28,500
16679,279230,2715107,0.965417897,3010.069541,331.5523667,1.072230114,187.2678985,1068.583708,6,24,500
16523,290219,2735250,0.766901931,1869.002731,426.0051949,1.067495754,209.2607122,2377.851828,9,26,500
16590,279948,2714874,0.984903349,3024.891188,220.3585839,0.492703643,353.7375386,553.8856011,9,38,500
17908,223965,2506122,0.718781624,1699.704033,393.8836513,0.849201349,134.7398376,2251.009392,8,26,500
16662,279356,2714805,0.977810468,3141.293473,306.9059142,0.705977512,144.1857646,763.4117108,5,19,500
17376,229525,2616262,0.768344364,2712.954544,302.8847263,0.621595829,29.04949832,1531.825943,8,21,500
17874,225421,2511667,0.679946282,1589.616951,399.5790133,0.190867355,18.92734088,3316.289914,7,32,500
16866,268145,2716591,0.729200495,2630.528488,447.0392517,1.006350864,28.26777915,3192.923073,4,23,500
17830,241146,2575831,0.591137276,623.1553955,467.894496,0.610734371,146.0394303,2630.52002,4,20,500
18704,292832,2652502,0.723278612,1371.991582,314.9529269,0.280205749,249.1594065,2543.294418,10,31,500
18263,252884,2526780,0.424492301,686.7521973,345.2926507,0.69191728,175.2237397,3043.159912,5,20,500
18702,292932,2652396,0.611091084,1102.04464,317.6284079,0.439490318,158.3693902,2775.892601,10,29,500
17659,225034,2586544,0.935369101,2504.107056,354.0391141,0,297.2125837,1210.302002,6,18,500
17465,269781,2654839,0.827097478,1929.544984,376.8919093,0,303.204359,1323.506989,6,20,500
16473,286799,2718567,0.643103519,2007.158177,320.0194148,0.016367629,178.0613156,1517.799446,2,19,500
17909,224030,2506039,0.771065029,1883.459694,383.1892949,0.935114718,185.7558286,2097.724366,6,25,500
17991,222685,2501826,0.936650904,2509.00042,411.2673021,0.525894405,384.9828364,1682.699593,3,25,500
17441,235083,2597400,0.891749788,2383.192745,355.4244739,1.131224314,285.0832658,1966.323954,9,19,500
17523,269940,2652993,0.986746322,2937.404583,313.4756036,1.146311074,423.1819675,522.2333069,8,30,500
16664,279144,2714797,0.982361265,3090.663388,320.2171385,0.89275576,312.6381695,492.0686093,10,29,500
17411,239533,2602836,0.945406305,2602.983887,312.9741459,0.303178209,371.6334847,1023.169983,10,34,500
16883,256350,2709012,1,3141.624504,372.1317003,0.061610688,824.9954149,0,6,18,500
16879,255633,2708893,0.962407489,2824.039358,391.1430794,0.239178946,319.6821005,441.1553955,4,20,500
16878,256082,2708977,1,3141.628701,392.6138315,0,750.5386818,0,3,17,500
16874,269666,2718658,1,3141.426514,303.1963283,0.395395334,1420.960544,0,4,21,500
17439,234968,2597867,0.910087384,3141.995266,324.3091844,1.044019805,7.636060261,1791.428957,12,16,500
17402,234982,2598263,0.887872122,2297.546397,349.9086137,0.984882918,150.7318833,1904.804949,10,23,500
17433,235032,2598072,0.882898045,2660.302595,339.2344649,1.054133962,81.06769461,2284.305045,14,26,500
17666,230023,2596776,1,3142.080566,234.2279745,0.206132948,878.684322,0,6,29,500
16604,270862,2719970,1,3141.40936,278.613661,0.341820311,990.7942782,0,7,19,500
16873,268723,2719547,1,3141.439758,264.6269204,0.124524082,1301.251642,0,9,27,500
17586,226346,2604115,0.57026363,1807.729065,264.6247762,0.503761351,78.60936606,1483.745941,5,21,500
16605,271866,2720840,0.983686876,3141.39502,310.8746544,0,308.8095513,554.7670288,11,22,500
17468,268911,2654343,1,3141.450623,315.0254064,0.399182089,537.0635055,0,5,13,500
19345,294243,2732901,1,3141.098663,310.7745256,0.589192958,718.5442992,0,9,16,500
17610,240401,2618522,0.627944816,1772.522778,353.2213982,0.597603399,86.21496858,2796.331864,8,24,500
17760,229948,2541289,1,3142.095459,377.0049029,0.606508119,519.5188428,0,4,18,500
17563,271576,2657119,0.999350487,3102.307556,405.6135804,0.572109911,478.0597864,62.160101,6,26,500
16853,269438,2719846,1,3141.429596,325.0790629,0,1516.607106,0,6,20,500
16603,270676,2719920,1,3141.412109,276.1511422,0.222617028,1131.350137,0,6,12,500
18004,224207,2525020,0.852571095,2440.05957,405.3965185,0.541414328,171.3901622,1295.150024,17,34,500
17899,239219,2517466,0.997439746,3035.796631,207.9061889,0.693012856,463.1632694,126.1549988,6,18,500
17547,269336,2652938,0.916571258,2902.347523,291.0844497,1.414225958,243.163438,1536.636517,9,23,500
17841,235426,2530240,0.945548059,2711.730961,252.1153263,0,129.5598154,1308.074169,5,15,500
19344,293730,2732614,0.842608952,2147.947968,330.8095027,0.362471322,210.7935465,1274.329956,8,22,500
17587,226559,2604074,0.6538581,1931.952766,246.7627185,0.254092132,34.65836631,1510.680138,14,29,500
16846,280695,2731796,0.919700331,2994.30114,321.9763191,0.590956361,5.459448211,1146.613007,9,26,500
17485,269313,2653181,0.904107251,3141.44512,304.27493,1.536360738,121.9725082,1818.47002,10,19,500
19793,288815,2676166,0.94087789,3065.367126,276.9554959,0.817766958,136.2396567,3432.519557,7,23,500
18818,304044,2670255,1,3140.992752,381.8713281,0.432581128,574.4646785,0,11,20,500
18817,304041,2670121,0.998080243,3127.736466,382.7997972,0.470369473,441.5014298,263.6159973,12,26,500
16558,276737,2718353,1,3141.328125,331.4704852,0.551041352,642.5358599,0,8,22,500
19680,264954,2581562,1,3141.523056,337.302892,0.298707128,761.2028068,0,6,22,500
19745,280718,2657684,0.927763385,2420.398308,425.9831446,0.864194024,320.0282944,1964.454701,2,10,500
19272,294214,2704666,1,3141.104111,331.3802074,0.599746286,632.2937934,0,9,20,500
18951,306172,2667761,0.548833542,1482.735535,355.6321667,0.694156571,172.3780293,2969.343099,4,25,500
18268,247413,2519008,1,3141.806885,353.6225023,0.261251691,509.5382313,0,7,21,500
18868,289321,2676589,0.772523704,2612.937296,348.3950804,0.264108153,172.9409025,6094.453357,9,22,500
18405,253211,2539285,0.927856737,2975.382324,278.214051,0,223.7115592,767.9689941,6,25,500
18407,254314,2539214,0.893496489,2772.438721,347.6703486,0,10.53553678,2139.159912,7,20,500
18848,291598,2674804,0.953641018,2767.099583,406.9813004,0,350.3499229,651.5982074,7,20,500
18359,251129,2569723,1,3141.736464,323.4828727,0.38629998,624.9256095,0,8,25,500
16491,288922,2725519,1,3141.166473,370.1772556,0.677717091,525.7064869,0,7,22,500
18355,251477,2569067,0.899762403,2577.493439,271.6601261,0.864649085,221.4434439,1259.428009,4,20,500
16490,289413,2725472,0.74218136,1839.83876,401.3376964,0.629088356,125.0886404,1720.814613,7,35,500
19065,322335,2697979,0.777892018,1664.631285,252.4375279,0.767221454,283.8559233,2534.648201,8,22,500
16785,287078,2713491,1,3141.192139,161.1179758,0,745.2096178,0,13,24,500
19208,285454,2700204,0.992474901,3069.172119,372.7891223,0.648284116,380.6606488,430.4100037,10,24,500
19062,322364,2697810,0.610067869,1387.312103,237.1243752,0.714114427,125.9112797,2805.445703,5,18,500
18816,304089,2670039,0.997289155,3128.974297,377.9257153,0.418561325,373.6973443,364.3376007,11,22,500
16452,295966,2737272,0.516766726,1306.278408,312.8577894,0.575257719,128.2914613,2741.462952,13,39,500
17103,273395,2679856,0.796590375,3078.354004,280.8848281,0.965181605,36.39112919,2341.997986,6,13,500
19708,273586,2606457,0.989589847,2914.91952,502.6289604,0.726262706,413.4464716,975.4957104,6,17,500
17114,273890,2677595,0.97056621,3022.379639,305.6376118,0.920698941,276.13284,1102.857971,9,15,500
18943,288346,2676260,0.986610452,2866.952542,357.6000588,0.87119953,328.7204472,1752.020901,8,22,500
17549,270383,2653019,0.975033526,3141.4299,364.9626684,1.168855034,84.67723021,880.0954895,8,22,500
19615,246888,2563215,1,3141.805588,343.8656915,0.002702616,743.1124962,0,7,17,500
18877,291160,2677390,0.987607506,3141.147049,381.7802199,0.971290456,84.31512348,1014.552994,13,31,500
19541,251331,2560018,1,3141.735397,388.6117589,0.189157085,980.9161023,0,11,27,500
19763,280600,2657972,0.895170555,2451.215992,435.0128721,0.597364151,286.0572292,1771.306807,4,13,500
17726,237388,2583693,0.526565386,2146.049408,361.1703233,0.497848854,1.790443554,2511.312988,7,17,500
18507,274919,2605106,0.967970646,3097.687696,322.4708004,0.50723538,57.11299273,3517.324253,7,23,500
19796,288430,2676271,0.987429451,3059.046315,338.8090508,0.928076256,294.3215978,1790.234245,6,14,500
16560,276850,2717692,1,3141.326843,328.1732178,0.685822145,579.7562139,0,10,25,500
16569,277851,2716585,0.984497329,3064.839741,330.8632557,0.504659525,371.3712366,434.2464767,12,18,500
18800,288632,2674715,0.81552896,2271.84082,398.7879726,1.306813311,168.1596227,1749.140015,7,17,500
16676,279380,2714414,1,3141.293228,232.162098,0.534524226,508.9848472,0,10,25,500
16564,276162,2715440,1,3141.33667,304.44069,0.689304133,522.5698782,0,7,17,500
16562,277798,2716578,0.981441881,3086.490097,330.1300826,0.465761377,339.8440339,606.3748776,13,19,500
16668,279110,2714706,0.987588311,3077.277359,321.6667204,0.739277645,390.7193479,325.8195095,8,20,500
17842,235408,2529798,0.868557607,2786.156185,231.3817827,0,91.7136769,1934.585373,6,14,500
18110,223241,2494630,0.883173734,2660.673048,399.7213706,0.681800083,158.8160878,2450.754471,7,19,500
19776,282837,2658105,0.974083174,2782.792969,400.2220175,1.332603277,307.6907865,836.0910034,7,21,500
16524,290347,2735276,0.770587921,2094.333599,448.2817933,1.003676428,130.8303425,1637.542143,10,26,500
16847,279866,2731434,0.994490155,2951.214306,293.2957235,0.932215116,444.3028575,254.5370941,9,20,500
19069,314443,2689103,1,3140.873535,429.2956998,0.931875528,637.357922,0,6,13,500
18931,303678,2681794,1,3140.994995,406.4873099,0,916.9443009,0,10,18,500
16443,295537,2733322,1,3141.08281,295.2140422,0,1304.071962,0,13,17,500
19706,274559,2605351,0.961146934,2977.014202,341.3008079,0.702875995,173.4100479,3809.387936,11,23,500
17522,269830,2653053,0.995876299,3071.321578,295.9464207,1.194474578,454.6707558,160.4309998,6,15,500
16441,295638,2733993,1,3141.081402,285.6866912,0.337805948,834.6399876,0,8,14,500
19142,297899,2704723,1,3141.059326,313.9151055,0.448418467,579.3740404,0,13,17,500
16567,277578,2715963,1,3141.31728,308.6752176,0.342153087,613.5178913,0,10,17,500
19733,292692,2652526,0.821167674,1871.325968,314.5753884,0.113084764,287.3323872,1878.178208,5,11,500
19080,306818,2683978,1,3140.958733,251.2540093,0.912349958,974.973547,0,13,18,500
16812,290821,2718109,0.998113544,3128.328857,163.2460756,0.606287939,389.778435,327.4149932,17,28,500
17540,269135,2653470,0.904452499,2998.741475,350.4615101,1.400352281,87.33679692,1852.818615,6,12,500
19081,306762,2684482,1,3140.959177,272.5203309,1.157377434,1018.463137,0,6,15,500
18331,250382,2560004,0.991238569,2947.283211,395.611463,0.948546312,441.9185777,237.0399933,10,21,500
17900,238855,2515651,0.986891975,3005.094887,169.6285865,0.194385087,334.953622,490.8308982,6,12,500
19614,246593,2562903,1,3141.810486,365.9985119,0.21662148,692.3511764,0,6,15,500
19346,297056,2732604,0.989062852,2981.115723,307.1583033,0.63037368,414.1771711,290.0480042,15,31,500
19063,320031,2698795,0.920622241,3109.390625,303.4529411,0.863326588,182.2389671,956.7800293,9,16,500
19387,280413,2731696,0.883709319,2648.903595,299.1402611,0.905878853,183.183771,1386.742706,9,24,500
19079,306787,2684004,1,3140.95903,252.7159485,0.886497197,972.9512268,0,14,27,500
16570,277590,2716995,0.977275882,3141.316891,337.2581244,0.04331493,92.6684237,1008.816864,10,19,500
16453,296279,2737382,0.466781736,777.1934204,336.3518099,0.532383581,63.94350913,3446.211891,7,29,500
16675,279413,2714466,0.996908851,3061.374857,237.9056065,0.52887037,453.8407614,127.01581,9,21,500
18201,239775,2515550,0.766710165,2440.213783,217.756717,0.878507661,140.8497877,1604.443054,5,10,500
16868,269866,2714902,1,3141.424561,282.1493793,1.124880712,548.9160125,0,6,10,500
17844,235048,2529205,1,3142.010071,286.9586178,0,703.6241194,0,5,10,500
16869,270156,2713913,1,3141.420654,319.7813537,0.489994911,1164.72669,0,6,14,500
16778,289051,2714959,1,3141.166748,181.5397685,0.17142133,1162.04113,0,6,14,500
19540,251018,2559894,1,3141.740387,382.2892166,0.013446181,1009.960573,0,11,21,500
16788,296681,2723403,0.872926523,2217.812431,231.6146238,0.745542607,273.4503258,1866.847977,14,31,500
17595,243695,2622151,0.828261312,2466.005127,413.9070597,1.379965139,172.1025019,1124.170044,11,16,500
17541,269137,2653558,0.913218173,3017.358289,356.0206548,1.349264807,174.8022282,1407.793716,6,12,500
19214,284847,2698974,1,3141.223908,284.2769729,0.905765943,760.0066794,0,13,18,500
16865,269636,2717228,1,3141.427307,354.3899812,0.445162736,716.8036065,0,10,22,500
16787,296640,2723299,0.879369556,2127.465958,224.2127891,0.89523532,269.2567435,1976.979187,20,38,500
16563,276457,2715515,1,3141.332619,314.0498031,0.69010327,513.3274523,0,10,20,500
18106,223203,2495164,0.881959542,2615.803151,408.6896224,0.683342776,237.4468136,1135.361397,12,23,500
19618,251220,2571115,0.932336006,2469.007896,356.681344,0.000174461,378.2735482,1177.932969,5,13,500
17869,238136,2514971,0.907287146,2623.917191,227.8463081,0.610171368,248.8792455,979.7999878,5,12,500
18108,223519,2493938,0.732789467,1469.213516,461.0904972,0.69295704,215.8367867,2033.990669,9,22,500
19084,307381,2684661,1,3140.952175,319.2926373,0.904465254,535.8325978,0,13,24,500
17895,239126,2515463,0.820373789,2371.253678,152.7515332,0.374715581,169.2790403,1378.642506,7,11,500
18109,223316,2494307,0.785743835,2087.819904,418.5900344,0.720071762,106.2944305,2859.492378,9,25,500
16885,261225,2710129,0.973294672,2936.86084,197.1161968,0.632264612,226.458494,896.776001,4,15,500
16442,295274,2733274,1,3141.085976,276.2425679,0,1090.930926,0,11,16,500
18391,248596,2558716,1,3141.779175,261.4160101,0,1477.390439,0,6,23,500
16870,269560,2716509,1,3141.428467,314.2986294,0.495951239,612.6436737,0,4,16,500
18397,248253,2558945,1,3141.784668,247.1142276,0.292848503,1075.910245,0,4,17,500
19764,280519,2658197,0.730151068,1978.26976,417.439431,0.433995673,143.6696465,1965.578209,11,18,500
18107,223149,2494980,0.948926442,2665.213442,415.8148065,0.685024623,277.6042099,1063.194809,12,27,500
16444,295510,2733441,1,3141.083099,300.6171424,0,1256.595021,0,14,16,500
19619,251483,2571077,0.999681676,3091.338745,353.4557687,0,492.6685896,52.9310989,8,17,500
17735,231901,2582426,0.914537302,2837.817078,356.7532834,0.033451891,23.1041099,1299.713989,3,23,500
17973,232426,2566144,0.553979392,560.5877686,379.9352137,0,31.33231931,2697.120117,1,26,500
16834,260914,2713450,0.907643937,2355.384766,340.5241319,1.209713254,308.659436,1469.232269,3,28,500
16551,271246,2717757,0.774990098,2183.568115,285.4152423,0.650726419,94.02962536,1608.979981,4,27,500
17724,232636,2581861,0.955454872,2630.403565,317.5962302,0.739215626,309.5781961,654.565979,1,31,500
17733,230576,2581408,0.406624267,1087.018066,295.966522,0.41200659,125.2753008,3560.308659,0,32,500
16864,257526,2719446,0.192113597,322.354126,368.1161378,0.634084671,39.83534994,3018.098,2,34,500
18011,221329,2502613,0.888187539,2229.819027,411.908327,0.788640041,250.5375926,1531.380005,7,39,500
17675,223026,2586749,0.701388235,1715.578415,284.8192726,0,86.99870558,1947.261991,3,29,500
16884,255823,2708880,0.998926545,3077.893347,381.961144,0.166347865,474.1886911,85.1923981,3,15,500
17263,264403,2663678,0.742361399,1368.545898,356.6725266,0.421246936,146.535897,2464.653919,4,26,500
17205,256739,2669670,0.875876085,2767.679199,387.3579613,0.897008243,205.1838694,995.4379883,3,23,500
17593,241604,2622464,0.941195793,2633.950623,356.8294193,0.812164852,164.9092964,2955.409172,0,15,500
19494,228589,2553876,0.491286426,1459.524675,367.3669852,0,23.28948972,2778.605814,3,27,500
18703,293213,2652120,0.329736161,702.6792526,343.7464831,0.693083303,77.21718023,2902.632591,5,35,500
18055,219409,2503282,0.683247523,915.7644843,297.7224919,0,50.08471723,3490.971359,3,34,500
18093,221822,2494686,0.664139588,1700.543518,355.1373712,0,105.5659415,3678.711121,3,30,500
17183,259347,2660212,0.954349523,2335.07843,322.6683112,0.262434886,371.1814902,978.5932798,1,25,500
17775,227273,2554290,0.683521987,1440.019775,278.3111707,0.023666244,2.984873308,2581.790039,2,38,500
17741,223896,2568218,0.551313907,1231.476563,263.5044524,0.217058049,51.17242096,2534.580078,3,34,500
19066,322575,2697942,0.588324254,1480.259247,264.268451,0.771722755,142.0373545,2593.6594,7,27,500
17660,224287,2586375,0.856852993,1643.883129,420.7144592,0,350.1041837,1762.247955,4,28,500
18261,251328,2525848,0.416239479,453.0000305,302.4306404,0,150.3160786,3300.31295,7,28,500
17690,223606,2590232,0.67680589,1444.37207,247.8907719,0.176704868,22.43401538,3916.696106,5,38,500
17919,228813,2553731,0.50952384,1133.77948,374.6253222,0,72.24696629,3451.359598,4,29,500
17875,225227,2511699,0.507663657,1251.640702,423.7637992,0.236548968,48.8077058,3099.86351,5,38,500
17473,269386,2654691,0.978752452,2670.223087,368.1915967,0.121416233,445.4332622,453.9320068,5,24,500
17594,241000,2622727,0.52777799,970.8627472,344.1900795,0.879607963,136.6813916,2673.502914,0,18,500
16824,279314,2736705,0.336622755,905.9422607,331.0344685,0.759343833,5.356282406,2473.355698,3,33,500
18013,221773,2502028,0.918431718,2481.770065,370.4447887,0.674020739,181.60315,1839.667557,6,44,500
16539,278782,2729677,0.714900885,1258.539673,269.2736916,0.511628771,242.408579,2419.701351,4,36,500
17527,271857,2656910,1,3141.408203,411.9580641,0.875005464,561.7279115,0,4,24,500
18082,224076,2490081,0.545255625,846.9462777,424.2562551,0.730489382,47.56744383,3126.615618,6,28,500
17621,271853,2647957,0.672684643,1255.451294,293.2358273,0.669800739,214.7975808,2170.860107,2,29,500
17721,231277,2581654,0.332817334,651.2137909,348.7472834,0.313453574,43.53564182,2895.733917,3,29,500
16592,279943,2714925,0.98304381,3030.657819,223.9682777,0.625048662,319.1886971,582.5479107,7,31,500
16830,262119,2712625,1,3141.537109,287.0309598,0.475627687,655.4339056,0,2,26,500
17182,259161,2660222,0.817473688,1723.861771,336.4055998,0.308486597,277.8758776,1393.983767,1,24,500
17357,246599,2637341,1,3141.793457,416.7717219,0.029120351,529.3501572,0,8,29,500
17374,229717,2616182,0.831959966,2553.164185,278.0145431,0.546187687,14.98080103,1827.931946,8,23,500
16875,267972,2717296,0.97423283,2825.91816,308.4199704,1.509430724,317.1634589,718.2412279,3,26,500
17277,262843,2663320,0.863299999,2669.930702,314.2279439,0.21904772,164.8168302,2231.464413,3,20,500
17676,222741,2586681,0.65424565,1607.506134,289.6344074,0.135839825,126.9057793,2275.93701,3,21,500
17186,261377,2661171,0.716584445,1677.386841,334.386047,0.011344626,113.7471362,3234.200012,1,19,500
17365,268297,2654723,0.98552395,2926.778008,310.5577188,0,400.8338316,290.3420029,9,30,500
17184,259595,2660036,0.91750956,2441.718737,285.1483686,0.375419254,288.7015818,877.578003,1,23,500
18078,224422,2490015,0.681928867,1992.868813,401.9774765,0.758343736,83.0284547,2457.318568,8,34,500
16522,289787,2735348,0.668243161,1056.004594,381.509702,1.246157411,3.661018175,3756.689842,5,24,500
16872,268927,2717645,1,3141.437378,334.2861848,0.758815768,540.2260621,0,4,28,500
18321,244707,2511646,0.684928542,1715.640015,381.4104735,0.77682437,110.3336125,2971.580017,1,13,500
18696,289856,2658159,0.772608466,1775.114822,400.9243244,0.525715346,227.6750538,1934.549973,4,28,500
19140,300542,2703979,0.947594432,2427.924564,293.4011052,0.209057506,386.5517257,1925.874672,4,25,500
18618,288661,2659061,0.443176506,1862.208199,433.9002706,1.000846711,10.66799889,4145.531162,0,23,500
18933,302133,2680393,0.608771919,1106.708008,343.1200177,1.000900871,188.0781569,2205.649902,2,24,500
18652,288590,2659314,0.515616044,2037.948744,398.0179279,0.925156413,21.96191206,4017.110169,0,27,500
19237,289892,2699679,1,3141.158936,311.3826533,0.438196568,522.5781545,0,6,34,500
19274,293272,2706649,0.534117311,743.3341675,346.6299929,0,176.835472,2875.129883,4,28,500
18057,219294,2503373,0.632017474,1217.303909,291.6510296,0,108.5250083,3113.860947,2,39,500
18960,309037,2670628,0.702078816,1993.061123,470.2742282,0,137.9508016,2470.693984,12,31,500
18275,248972,2525834,0.950854927,2678.536102,399.7082418,0.782587887,319.6386612,626.026001,2,11,500
18847,291788,2674809,0.947272083,2432.703419,406.2456965,0,381.5760199,953.0526104,9,20,500
18881,302546,2670029,0.547516955,1158.527952,325.0827235,0.691982792,169.7161714,2072.520403,7,25,500
18952,306537,2667747,0.347046616,614.599907,362.2240987,0.131261151,68.35591175,3122.214887,6,26,500
18692,290557,2657984,0.805989731,1665.03936,344.4218122,1.004874455,277.5390009,2254.363203,9,29,500
19640,249225,2526154,0.996827042,2917.040894,434.3469371,0.932707478,467.1472374,313.5776577,3,19,500
18863,307418,2672182,0.632547533,1211.022984,457.4008077,0,200.4647295,2629.434006,5,28,500
18957,310001,2669738,0.181495641,88.9974747,459.5845954,0.63070372,130.5843619,3079.719971,8,24,500
18491,264707,2581753,1,3141.526657,328.4904267,0.638636282,517.2200341,0,3,19,500
18531,274869,2602468,0.932221242,2627.481201,270.5265463,0.299646334,45.27863374,2714.800049,1,15,500
17881,224188,2513043,0.238714055,763.4138946,298.6744982,0.295613171,13.14693476,2159.272034,5,38,500
18356,251179,2569093,0.87187757,2174.878853,315.2711575,1.064054311,144.2828256,1673.138977,4,20,500
18950,306948,2667670,0.156121573,285.3040466,361.3135359,0,20.73659794,2119.602036,2,22,500
18490,264431,2581976,0.75439088,1819.612085,341.7047193,0.738840792,243.9884496,1186.402531,1,18,500
18358,251506,2569703,1,3141.730538,290.4660668,0.358679221,817.5916946,0,7,26,500
18693,290256,2658301,0.942748437,2448.273354,343.7919294,0.814097311,353.0367779,1169.634199,7,28,500
18468,263247,2582658,0.862023605,2018.505737,431.9440081,0.646729449,230.9911314,1250.01001,7,25,500
16521,289478,2735464,0.47003415,767.6080437,369.8500612,0.983001932,5.79161829,4696.331053,2,24,500
18638,286324,2659524,0.816071501,1922.971436,406.5377219,0.689832577,261.3296909,1643.76001,5,33,500
18932,303062,2681470,1,3141.002197,346.2602896,0,776.245214,0,7,22,500
18607,290799,2657754,0.820864477,1841.412758,343.6026795,0.98532768,271.504046,2048.387495,1,19,500
18360,250883,2569985,0.98319516,3117.003399,383.7743733,0.437083125,364.0363459,639.5953827,7,29,500
18886,301816,2669458,0.984142837,2949.912293,351.194598,0.212738144,135.6264669,1093.310015,3,14,500
18467,263093,2584764,0.807581567,1954.116089,461.7322351,0.842961174,291.5975671,1143.050049,0,12,500
18492,264741,2582040,0.962243127,2701.021088,335.1067151,0.687568747,344.0258937,614.6209144,2,16,500
19750,281981,2627106,0.684290365,2080.455688,359.2558107,1.366355851,42.62074548,4817.872925,4,25,500
19271,294361,2703733,1,3141.102539,377.1611406,0.214504675,905.7440184,0,12,25,500
18523,274882,2604984,0.969146164,3116.586567,340.3530786,0.462415218,58.64529594,3287.530052,9,25,500
19213,285669,2698991,0.869169092,2806.111939,248.2811652,1.072128818,172.052917,1779.891405,3,34,500
18335,251568,2559765,1,3141.731689,405.1801724,0.629827702,682.8375627,0,8,28,500
17618,274234,2642663,0.752215714,2267.449707,300.6667884,1.355755348,115.2508709,1531.089966,0,9,500
18876,291520,2677157,0.987607474,3141.142548,363.2702582,1.032558563,198.8354593,1014.552994,12,30,500
16848,280059,2731414,0.911962086,2490.379934,288.388172,0.913754962,288.0636943,851.3130951,10,38,500
18494,266411,2583929,0.959587341,2518.867676,407.9485171,0.51743655,417.309864,606.1069946,2,16,500
18361,250979,2570325,0.948398712,2826.818672,378.8732688,0.149051106,290.2002768,1097.859796,7,23,500
16862,257835,2721738,0.603046232,1040.150967,274.035692,0.862065675,133.1972196,2364.010683,2,19,500
16861,257583,2722197,0.525684452,814.8129272,334.7818664,0.680417112,67.71093517,2744.475221,2,23,500
18740,292657,2676638,1,3141.128418,381.2462623,0.985244764,618.7149728,0,5,26,500
17537,266293,2651439,0.552283815,1544.04419,343.6693268,1.248553893,78.08297585,1708.51001,2,24,500
18475,262313,2585829,0.806156793,2268.84552,348.3213265,0.905831142,209.7589085,1148.07474,3,19,500
18465,262233,2585289,1,3141.562561,343.3081237,0.554459855,591.8957819,0,5,20,500
18080,224620,2490252,0.909446168,2812.00592,367.759978,0.651780687,134.489136,891.9635715,10,21,500
18606,291004,2657417,0.904847308,2251.765198,339.4324022,0.855397141,315.8373654,1541.754662,0,11,500
18862,307035,2671782,0.962807875,2630.156992,463.8885875,0.171595299,375.0717462,869.8068886,8,21,500
